id;created;modified;username;password;mail;mobile;facebook;google;instangram;provider;attivo;motivo_bolocco;data_bolocco;registration_date;last_access
1;2020-05-28;2020-05-27;Soft Road;Road virtual Web;flexibility benchmark Buckinghamshire;input;Glen microchip Florida;Plastic Manors Garden;virtual Identity;infomediaries index Fresh;true;adapter;2020-05-27;2020-05-27;2020-05-27
2;2020-05-27;2020-05-27;CFP Franc matrix infrastructures;Berkshire Fresh Programmable;Executive;syndicate;array Designer platforms;cross-platform;cross-media Nebraska;Extended;true;Hawaii mesh Kids;2020-05-27;2020-05-27;2020-05-27
3;2020-05-27;2020-05-27;visionary Down-sized;Response high-level Industrial;azure AI;Home Loan Account;users;middleware;Money Market Account;Borders;true;Finland auxiliary interface;2020-05-27;2020-05-27;2020-05-27
4;2020-05-27;2020-05-27;monetize Planner;Senior Music;customer loyalty Gorgeous Granite Mouse;facilitate Anguilla Books;Mexico Russian Federation convergence;XSS Corners methodical;Alabama Granite Montserrat;concept;false;ADP backing up intermediate;2020-05-27;2020-05-27;2020-05-27
5;2020-05-27;2020-05-27;Mobility;Jewelery 1080p Architect;Avon Plastic;capacity metrics;Solomon Islands Chief;Architect;Home Loan Account approach;Quality;true;software Malta Unbranded Plastic Chicken;2020-05-27;2020-05-27;2020-05-27
6;2020-05-27;2020-05-27;Baby;Shoes grow tan;SAS turquoise Turks and Caicos Islands;multi-byte networks dedicated;Cotton JSON next-generation;deposit;Montana;protocol Oval auxiliary;false;knowledge user PCI;2020-05-27;2020-05-27;2020-05-27
7;2020-05-27;2020-05-27;payment transmitting;withdrawal New Jersey;Guinea Franc;communities;Customer;THX;HDD zero administration Beauty;Chair card;false;Mouse redefine connecting;2020-05-27;2020-05-27;2020-05-27
8;2020-05-27;2020-05-27;Libyan Dinar Georgia back up;Assimilated;Towels homogeneous robust;data-warehouse Credit Card Account;brand;California eco-centric;bypass Home;invoice Chair compress;true;CFA Franc BCEAO;2020-05-28;2020-05-27;2020-05-27
9;2020-05-27;2020-05-27;Future-proofed;Roads deposit;Home Loan Account SSL THX;parse Suriname deposit;impactful;copying pixel Michigan;Health Home;Colombian Peso Unidad de Valor Real;false;navigating;2020-05-27;2020-05-27;2020-05-28
10;2020-05-27;2020-05-27;withdrawal;Guinea Franc Mobility;Trail target;Regional;neural;global navigate Brook;cross-platform olive Refined Frozen Chips;Tala Dynamic;true;Rupiah;2020-05-27;2020-05-27;2020-05-27
